filename, person
person_142_jpg.rf.4b0ddcbabf720767bf12d9b950eb37ca.jpg, 1
crop001714_jpg.rf.4a4a3529a53f98b0c14073bd376425b7.jpg, 1
person_and_bike_092_jpg.rf.4db7686b5009232a370e936655a645da.jpg, 1
crop001538_jpg.rf.44492def3f945cf943a3f99db6ef1711.jpg, 1
person_376_jpg.rf.49b57c6d43dba6fa18e2e58255647ecc.jpg, 1
person_076_jpg.rf.4858640cbafe36eba6a68c762d083166.jpg, 1
person_348_jpg.rf.4d3333543fdbf8b0a4083da2e27e7e4b.jpg, 1
person_and_bike_100_jpg.rf.4b1e2d48a4fa546c4d4c58c8d3f27ec6.jpg, 1
crop001006_jpg.rf.46b93464178339ce7d1e9a4d368c1b30.jpg, 1
person_and_bike_105_jpg.rf.4c2802be58b1f45573105aeeef9517ec.jpg, 1
crop001683_jpg.rf.4509c6000fb081af7f47e295b6baab79.jpg, 1
person_and_bike_042_jpg.rf.499e50649f1385a456f4bd33dd4c0799.jpg, 1
crop001637_jpg.rf.4fa8e5679e6146f7dd03d3ac8bbaedda.jpg, 1
crop001205_jpg.rf.4e038ad781d00d7311818766c4c0033d.jpg, 1
crop001218_jpg.rf.4c1b5fa995555b9b6cc0cffa8a03cba8.jpg, 1
crop001063_jpg.rf.4838e1d98519ffb94d2c8ff03691368d.jpg, 1
person_and_bike_005_jpg.rf.491c5bda46956ab5600b18ee4c6395e3.jpg, 1
crop001011_jpg.rf.45052b48acb846d372d5e5c3f4ddefd3.jpg, 1
crop001109_jpg.rf.4c8363ec4491b4c6fc04014a1696def6.jpg, 1
person_and_bike_054_jpg.rf.4534fcbe4f17de9ec4c8b65249728a1f.jpg, 1
crop001124_jpg.rf.4e1fd5fb18b6fe1f25513d52790fa48b.jpg, 1
crop001546_jpg.rf.480b48c455dc373e627b5dfebdf36dfc.jpg, 1
crop001143_jpg.rf.4b68aa17c5b2b76f4ce7ca59ce2765e5.jpg, 1
crop_000018_jpg.rf.4bf0fc81ee7b6a512bfaa42a52f6823b.jpg, 1
crop001600_jpg.rf.4fcc9f8e6a2f18cfb56028ba44e2cd17.jpg, 1
crop001530_jpg.rf.50273d46034c2879a9a3a1e8c59f4f80.jpg, 1
crop001020_jpg.rf.4e067a16d83454f5071688dcb74166f5.jpg, 1
person_and_bike_003_jpg.rf.4fe5334358388d55c9d910006d350a8b.jpg, 1
person_274_jpg.rf.51cc0c491e6c10fc417b65f688f66cc6.jpg, 1
crop001701_jpg.rf.5213d4f93a7df2f110a5a9b7a5b185c3.jpg, 1
person_107_jpg.rf.520e8d3e1e89718b4f4c35ea2d87d753.jpg, 1
crop001684_jpg.rf.51fbed5f4eae80c651d4295a26cb967e.jpg, 1
person_and_bike_121_jpg.rf.5228b10fa1b35aeffbf52c026b444b92.jpg, 1
crop001206_jpg.rf.52b561671c58dc617a782e977467a0da.jpg, 1
crop001551_jpg.rf.53aa07c03fd7814bbe52ac5a6f38a089.jpg, 1
crop_000021_jpg.rf.52b4f11e5c90df96f912e21ffbca5765.jpg, 1
crop001217_jpg.rf.53555cddb2e99f979d06662f88ebe785.jpg, 1
person_and_bike_033_jpg.rf.5404efc8773b6445d33189c501591e5b.jpg, 1
crop001116_jpg.rf.5572467ba1042b99433dca4f7555ae35.jpg, 1
person_314_jpg.rf.5457b1d84217dbb117d697fd2c6e456c.jpg, 1
crop001005_jpg.rf.5512f778c745b6aa113a8cda9943befd.jpg, 1
crop_000006_jpg.rf.55793f9175a34a3f3eb8b01ead2940f2.jpg, 1
crop_000607_jpg.rf.568dc692176114aacaf972ede5428b59.jpg, 1
crop001238_jpg.rf.56597d5c70dff778c40e86534d9f0274.jpg, 1
crop001256_jpg.rf.56ebede6b9cded7ca625c8a805d90469.jpg, 1
person_232_jpg.rf.58aba5f8dd3eac0e9be879a5f1f8cd19.jpg, 1
person_and_bike_077_jpg.rf.578235185154f3c54cbb09f37d2bd7c5.jpg, 1
crop001258_jpg.rf.593ca1495f39dfdebe89d269a981fa27.jpg, 1
crop001136_jpg.rf.57883f1b6ea643145ed5b37b4558c38a.jpg, 1
person_and_bike_159_jpg.rf.5af6d9a6c0f41d10a524cce1934eed02.jpg, 1
person_and_bike_130_jpg.rf.59926bfefd3be9d8478a725ea31ffa25.jpg, 1
person_and_bike_034_jpg.rf.5b09e3ff5b4d37b7fd32e1aecbe24fe8.jpg, 1
crop001265_jpg.rf.559f456d4fe7fc16e9219c2c5ebae448.jpg, 1
crop001625_jpg.rf.5b89defe77bc0f0306b0a97996e894aa.jpg, 1
crop001010_jpg.rf.5b1dc62530b350d0971aed28e8f9d980.jpg, 1
crop001222_jpg.rf.5bc4129f7eaf6058b804a1bf5212f4b6.jpg, 1
crop001839_jpg.rf.5deae012e53ee23194aeb0dd548c4417.jpg, 1
person_013_jpg.rf.5d29735257a9f19434bfe146c8c4d1c0.jpg, 1
person_030_jpg.rf.5beb2da769d2447aeb6c8f0b0992b724.jpg, 1
person_287_jpg.rf.5cb2e857f345bfce023bc4097794279a.jpg, 1
person_129_jpg.rf.5e418a075bd0e654a72cc8b6f7584324.jpg, 1
person_195_jpg.rf.5eb3f31205ae08eae6a8fa8fd2ac6774.jpg, 1
person_061_jpg.rf.5e1cb5dfba4f6a775b4ec68973006d77.jpg, 1
crop001811_jpg.rf.5faa77d19df4ea747ed350485c0d04a3.jpg, 1
person_346_jpg.rf.5eac72bb000892faa960192e706530dd.jpg, 1
person_165_jpg.rf.5f09e750bfeaec83542d2c7b27f5a6a2.jpg, 1
person_and_bike_019_jpg.rf.5b71bd9a275a83f5a763baabfe85479a.jpg, 1
person_075_jpg.rf.600efe7c0070068f1f17fc27e758baf1.jpg, 1
crop001075_jpg.rf.60501199a3be7a3c00813c10dc9c5f9c.jpg, 1
person_and_bike_111_jpg.rf.60c5ee532af699b1ecd2f1dd294cd2bc.jpg, 1
crop001248_jpg.rf.60c658e51122a93793f3968b3a66348a.jpg, 1
person_122_jpg.rf.60efde504d0b9dd6a90553bed4cfba44.jpg, 1
crop001703_jpg.rf.6211b0d6775c0f67cdd8c63c90ec16ea.jpg, 1
person_291_jpg.rf.6174abc2cb3a7dbd86dc849c62cb1368.jpg, 1
person_357_jpg.rf.623937b04beaeb491965ceb056d9560c.jpg, 1
person_327_jpg.rf.61922fb61a0efdb7111b85c713c45be6.jpg, 1
crop001597_jpg.rf.638fe6dc7f52a250088cafbfb6382f99.jpg, 1
crop001119_jpg.rf.63a24ccaea49bcfd31445c44c410ca24.jpg, 1
crop001120_jpg.rf.6413659b64e84062b33068a5ae5cbf14.jpg, 1
person_174_jpg.rf.66e10786a2e99e5d84342152990b1659.jpg, 1
crop001004_jpg.rf.66c9edbc221909875f8ca86defb9bdfb.jpg, 1
person_250_jpg.rf.674b637d04ce622eccd5041bda1858f8.jpg, 1
crop001104_jpg.rf.67996da692d4b73fb12339cb1d7ee5c4.jpg, 1
person_and_bike_078_jpg.rf.67f0aa0ca7743937b99a0286405738a0.jpg, 1
crop001820_jpg.rf.68773bd613f44baa70609fa523e5ac4c.jpg, 1
person_070_jpg.rf.68dc287f34763a381452ad95a09ea317.jpg, 1
crop001813_jpg.rf.6902db1e5ee841f12596588f71f1f094.jpg, 1
person_and_bike_065_jpg.rf.6a79cd19f497b8faf331c52fd6f3b3f3.jpg, 1
person_161_jpg.rf.68fbcf48e3d2c673f2e068bd43e225f5.jpg, 1
crop001220_jpg.rf.6b2223e0d9ba2ef8352ae54c85169d52.jpg, 1
person_270_jpg.rf.69a1a00253cbd6a03391da8b00f0f160.jpg, 1
crop001089_jpg.rf.6a7c4333f9e483b441fb2a4fae69e4c8.jpg, 1
crop001658_jpg.rf.67748db45da81fe1f79012b0e3c753ea.jpg, 1
crop001608_jpg.rf.6c008869dce66bde2b64b71867d598c6.jpg, 1
crop001231_jpg.rf.6b7fed164da4063104503a6b2fa56788.jpg, 1
person_387_jpg.rf.6b475985cc4264e375f74fd7a58f1083.jpg, 1
person_and_bike_021_jpg.rf.6c5e96892baa432106b727d3ef71a19b.jpg, 1
crop001547_jpg.rf.69757ced015af460c3a83148464b94b3.jpg, 1
crop001211_jpg.rf.6ccd2f66b154dd8ab7f35919de9ea090.jpg, 1
crop001024_jpg.rf.6cd99a7e4d0faa5ac21ea2dc6f6b3e7f.jpg, 1
person_185_jpg.rf.6b6931aee50e32db78902783ae30dae3.jpg, 1
person_377_jpg.rf.6d50694fd1c1508d537d335227ef98df.jpg, 1
crop001706_jpg.rf.6c19b3b6ab7ca403f7ce5ffeb5dd9e67.jpg, 1
crop001090_jpg.rf.6e163d110b1861d528e5e9d461bc5e61.jpg, 1
crop001542_jpg.rf.6ade1f4f831690e79a25b76f67b5168c.jpg, 1
crop001241_jpg.rf.6e741cc0cb47a18120a7958353cc842b.jpg, 1
crop001615_jpg.rf.6e9173c0ea268061c7e038c19cf4581a.jpg, 1
crop001692_jpg.rf.6eb47ee540c5a03f6b4288112be6b856.jpg, 1
person_160_jpg.rf.6e6c02eb0ccf703edd8290196638657e.jpg, 1
person_095_jpg.rf.6edb99ffdd2009fb702045c6f6fffe8c.jpg, 1
person_and_bike_080_jpg.rf.70e042c98eee11c8d9025daed5311c13.jpg, 1
crop001093_jpg.rf.6fc8418991aa15cec3e8158f2472b4f4.jpg, 1
crop001696_jpg.rf.7086f62398032d24ab8e8089ec9f3c97.jpg, 1
person_249_jpg.rf.70e8b2ddc9ddc99c8cc81aa9c5dc2e59.jpg, 1
person_and_bike_095_jpg.rf.72c0a46bc9de1a9221ca7da6f2543131.jpg, 1
crop001516_jpg.rf.73525e522521a407ffe00f8db7ff8d89.jpg, 1
crop001831_jpg.rf.74e29f7fc7d05967dc32a409d407d385.jpg, 1
crop001616_jpg.rf.75e3011ee094e132daeb4ca939ca49c1.jpg, 1
crop001047_jpg.rf.72f727cda3947cd83e36f13980cbf21d.jpg, 1
person_230_jpg.rf.710cb4e2c13139d1491384991caaa918.jpg, 1
crop001810_jpg.rf.76135c530a81405f95ef6e8cf3bc0d84.jpg, 1
person_and_bike_063_jpg.rf.765fb377d510a1bd9834823a649a5453.jpg, 1
crop001160_jpg.rf.76eea52018d48f9de18394f3f2e64ca6.jpg, 1
crop001695_jpg.rf.77b38244c9348ae5418167c1597db7c5.jpg, 1
crop001039_jpg.rf.771e65453981a19933f184e316f2972c.jpg, 1
crop001624_jpg.rf.77a621ab498a4ce07bee145e94209794.jpg, 1
person_325_jpg.rf.77c2bcefe3b5cbf3a11b16a69001fb95.jpg, 1
person_219_jpg.rf.7712b3c08d02911a747c837b0502a238.jpg, 1
crop001268_jpg.rf.77f4a2644b00661754789dbf22d95d1f.jpg, 1
person_and_bike_207_jpg.rf.786851be578a1be4f0ae8c3cbe8dc74a.jpg, 1
person_099_jpg.rf.786bf33134af6831e6c34d93ef12681a.jpg, 1
crop001009_jpg.rf.78998a52703d3d61db248a15b9e04cac.jpg, 1
person_251_jpg.rf.759708b9bf1df4c398daa2c393cc24fb.jpg, 1
person_168_jpg.rf.7a71214b4a9f0afe944a0d74620c8117.jpg, 1
person_344_jpg.rf.78c2eab836e58f64748d39ac90b84dd6.jpg, 1
crop001267_jpg.rf.7add8ac0d546ed14a2d058e70a4a9464.jpg, 1
crop001074_jpg.rf.7abaf510d51407cb90e5067455f58b30.jpg, 1
crop001635_jpg.rf.7b434d1c1f2648de0d9db01780fd4105.jpg, 1
person_234_jpg.rf.7b7e038503bfb2d60efa94d5557845c8.jpg, 1
person_and_bike_103_jpg.rf.7c2c808406f9224f918dfeb4e1c4927e.jpg, 1
person_175_jpg.rf.7c317cf70d20b213a991266ee941207a.jpg, 1
crop001242_jpg.rf.7caaa2c7baf2566c4d5cc116c3251c67.jpg, 1
crop001669_jpg.rf.7d5192b132cac339a452da41ba120f16.jpg, 1
person_190_jpg.rf.7f7bfa12078df490c4541faac456cf90.jpg, 1
crop001121_jpg.rf.7d59449f1bb1dd6e66c67c8c68eab6a2.jpg, 1
crop001060_jpg.rf.7f93c191292c5389d81eac972d0cc31a.jpg, 1
person_211_jpg.rf.7fee31f6413da41fa57ac3b05e92394b.jpg, 1
person_199_jpg.rf.7f7d75e7be469ceb2186ff017e2c6553.jpg, 1
crop001503_jpg.rf.80918dcc36c12b7751ff034a5c98220b.jpg, 1
person_089_jpg.rf.80b0558a515e052af0e9e6fbd923ff28.jpg, 1
person_206_jpg.rf.80afdf052b41b170245e7cb75066b53d.jpg, 1
person_200_jpg.rf.809b83c8e1cc2bc2bb67f7902f7a3eab.jpg, 1
crop001163_jpg.rf.821a37b36a5c3287c78c2ed1d68200cd.jpg, 1
person_358_jpg.rf.80f7d53d924c1220c9402204bcc389e8.jpg, 1
crop001028_jpg.rf.82670fb5a32dbb4d91e5577fff56ed5d.jpg, 1
person_and_bike_102_jpg.rf.80fe7a8a6905b0568a710f82b51bd58e.jpg, 1
crop001838_jpg.rf.804d2e69faa836f488c129de8f830dc4.jpg, 1
crop001640_jpg.rf.820fe267f020312fb4c7fd9a250fcb01.jpg, 1
crop001720_jpg.rf.84e388dd03daf6b57466be4ff530d3ec.jpg, 1
crop001611_jpg.rf.8404d6d2f4d2dcde0ea77391b599039e.jpg, 1
person_and_bike_015_jpg.rf.84bc5109648932d2cd6d2db7c692ff91.jpg, 1
person_063_jpg.rf.856a23c11228b911c1efc2167a592156.jpg, 1
person_037_jpg.rf.85d72bf7f8fe3e05917991140de4cb89.jpg, 1
person_105_jpg.rf.85792538c56a981af6eeeb4a5ac665c5.jpg, 1
person_171_jpg.rf.8685c82926ab3f8dc5df0f09fb7723a3.jpg, 1
crop001078_jpg.rf.8910d421936ecb49ed8eed13014a9203.jpg, 1
crop_000020_jpg.rf.86d223740d2711bf1fa1783dc6f5509d.jpg, 1
crop001235_jpg.rf.86a7730474365e9a888230c9cff080af.jpg, 1
crop_000025_jpg.rf.89f66c4fc325be66d1c690527118a0db.jpg, 1
person_124_jpg.rf.8a8a26971bb6c2c14750bd903e617337.jpg, 1
crop001559_jpg.rf.8868eb671a34d620b1c9c86bf370d00e.jpg, 1
crop001032_jpg.rf.8bc51c7cfe75e96dc6f911659dd4bf54.jpg, 1
crop001247_jpg.rf.8c1f5ebc2bf30f2046ede29bda36eaf3.jpg, 1
person_301_jpg.rf.8ca358faa0775fafaf692d328b3482b8.jpg, 1
person_299_jpg.rf.8d0b82c53173c88ea92fd5192a3b008a.jpg, 1
crop001566_jpg.rf.8be432bb063032c739e997610c0488f8.jpg, 1
crop001818_jpg.rf.8d7f000384d10d4893f13676ec0f439f.jpg, 1
crop001527_jpg.rf.8ae28f64600f2c4280b75cdfc7598457.jpg, 1
crop001725_jpg.rf.8ec28095aa0639362880ecb993ae0b2f.jpg, 1
person_198_jpg.rf.8deb1532e2ecfbe27e2a867453dc087e.jpg, 1
person_204_jpg.rf.8cb1434fc6deac8a9dbb2f035b6d1164.jpg, 1
person_007_jpg.rf.8fe7ea43d0b68dd81677765eeb25d9c2.jpg, 1
person_and_bike_087_jpg.rf.8d97bfe7d0b9f263dae116f0d5ef5602.jpg, 1
crop001634_jpg.rf.8ff5e3acba266519f85e37e39d666dde.jpg, 1
person_293_jpg.rf.8fdeb3de8b2ba656b3124ed9e8939242.jpg, 1
crop001213_jpg.rf.8ff864d01e181197eed8178aa054608a.jpg, 1
crop001081_jpg.rf.903dcf490ff8c82c6dcaaaec95ddcc7f.jpg, 1
crop001815_jpg.rf.90305e87094d2057d5625ff90529f09c.jpg, 1
crop001153_jpg.rf.919a97bc26e0d32977d9383e2a417d11.jpg, 1
crop001719_jpg.rf.91e1933f7f852bafff20027b1941bc37.jpg, 1
crop001678_jpg.rf.92a5b70098b6068cc1b0bf28a7aef8cc.jpg, 1
crop001565_jpg.rf.91cafa25f46bd5db33e6aeff8118f185.jpg, 1
person_210_jpg.rf.90904ed00c551313ad2c48d2621e0a5d.jpg, 1
person_189_jpg.rf.93d56d6b66a9ce79bb89f81232efdcfd.jpg, 1
person_086_jpg.rf.92f53380543567a67f24c51ed0cbddf7.jpg, 1
person_088_jpg.rf.93bca34fcfedd44d27d6ff215c776397.jpg, 1
person_092_jpg.rf.93a7efc54a990aaa9acbc14f85c7548f.jpg, 1
crop001202_jpg.rf.94eafde4bb097069743d0cf291338636.jpg, 1
person_166_jpg.rf.9444ce53e612c00fe8df37b6e632b9a4.jpg, 1
person_038_jpg.rf.9446615c4d1ee6945b793bd164479f2d.jpg, 1
crop001216_jpg.rf.95e33995b68d563266df97faaa5e01a4.jpg, 1
crop001114_jpg.rf.95c898ff0d53b296d7b72eab8408b60f.jpg, 1
person_and_bike_062_jpg.rf.958592f4b20e2ca1ba92e72783bf85de.jpg, 1
crop001212_jpg.rf.95fdf6ae646de9cd0369d3e6153b764f.jpg, 1
crop001841_jpg.rf.94a352473c569e2356fbde818c32ed3f.jpg, 1
person_026_jpg.rf.960ebc96c5128ad207d0d4ac7d7f5691.jpg, 1
crop001079_jpg.rf.98ea2e038379806de98fc51fc15141e2.jpg, 1
crop001567_jpg.rf.96d726f6d67a1fbd34142cca4e4c4fef.jpg, 1
person_159_jpg.rf.98d1247fc275c16ec5a27eb49eb17bc4.jpg, 1
crop001590_jpg.rf.99ffa98f2d215d0b19dcc8b19b133920.jpg, 1
crop_000026_jpg.rf.99d5452f1e59a1618f6a8b295e5dd30c.jpg, 1
crop001686_jpg.rf.9adb074cf90ac72bc278ea7d77c0b063.jpg, 1
crop001034_jpg.rf.9c9a6e91399596da29e51644c05ccba6.jpg, 1
person_and_bike_148_jpg.rf.9be0b6c5e190ef09949b0c5d66797279.jpg, 1
crop001152_jpg.rf.9c408dff8dcf73aea92c36e66b2d09e3.jpg, 1
person_and_bike_141_jpg.rf.9db47aaeb932804f79fbdd77544fb8ab.jpg, 1
person_156_jpg.rf.9dbe031c2dd022ac01d2377cae84da5a.jpg, 1
person_and_bike_189_jpg.rf.9e47e2dd40e9a605c1b9956f6f2333f0.jpg, 1
crop001036_jpg.rf.9c7108709870dd56491131311db31b83.jpg, 1
crop001809_jpg.rf.9dc697b1ea01f15c8570a16712ab087c.jpg, 1
person_and_bike_070_jpg.rf.9fd376d956ad7db3a91cf159fc29cad0.jpg, 1
person_263_jpg.rf.a010d59e3d247459a51a3a1e55bb109f.jpg, 1
crop001702_jpg.rf.993f4553910c02dbf4b86bf534a87b63.jpg, 1
person_059_jpg.rf.9fd27c5a3e2aa6005bd5616d4ad33009.jpg, 1
crop001636_jpg.rf.9fa14bab8f5c48c90982c7f2d3e4f1d2.jpg, 1
person_and_bike_057_jpg.rf.a0def2ef670e9d3206caf09a0b0b1ed8.jpg, 1
person_102_jpg.rf.a0067da0b396621a48821f044192d67e.jpg, 1
crop001023_jpg.rf.a1546f1e00b250cb6fedcc1f4e285fd4.jpg, 1
crop_000604_jpg.rf.a2684f795bd13f8ae715b93d50db0548.jpg, 1
crop001052_jpg.rf.9f3e1d5b6a44a7a19a96f98305f6459c.jpg, 1
person_305_jpg.rf.a100b7defa1575e758079f568d6be5f1.jpg, 1
crop001563_jpg.rf.a26f08f739c2d4c684cbc740157be83f.jpg, 1
crop001698_jpg.rf.a39ac063a64deaddbbbfb61648da3087.jpg, 1
person_and_bike_049_jpg.rf.a3e36eb5b517c8357b858b7a8f4d6461.jpg, 1
person_248_jpg.rf.a01c9ccae2ad31e19e5f41e22ef444bd.jpg, 1
crop001007_jpg.rf.9f9ca3c102de61af6bdb45254e19e53f.jpg, 1
crop001529_jpg.rf.a55fc9d906ddb4fd97c66b39a0c54e56.jpg, 1
person_289_jpg.rf.a4bb824805023b83e879031b3a163f3e.jpg, 1
crop001115_jpg.rf.a59bb1e69ddcbfe8fb2fde35ecb2160c.jpg, 1
crop001672_jpg.rf.a5df48a5767bf301c13fd7977a395d36.jpg, 1
person_and_bike_146_jpg.rf.a4d3c385538cccd961b1423f96df99e5.jpg, 1
crop001808_jpg.rf.a6088320d17c1871960ba714dfb22fb3.jpg, 1
crop001648_jpg.rf.a5bfaa388af564c31f9673603e213c96.jpg, 1
person_290_jpg.rf.a6e6b3888b3fe686ede118cb1e07d552.jpg, 1
person_288_jpg.rf.a6582b95108133ef2e9542f98fb7f9d2.jpg, 1
crop001713_jpg.rf.a6149d0aa00fab8919e6dac027a21194.jpg, 1
crop001548_jpg.rf.a7785e0a5ea20fefe8d53618c1778136.jpg, 1
person_and_bike_016_jpg.rf.a7df7e760334e749a4551be0f02508c8.jpg, 1
crop001537_jpg.rf.a85c90c17b8a91e7c4f6f5efb2c6c162.jpg, 1
crop001830_jpg.rf.a81f6324baaf3124111be7d953c4a29f.jpg, 1
person_242_jpg.rf.018c780635de976c9a8cd0426e14c3a8.jpg, 1
person_162_jpg.rf.00b74758e8d4108fdc2d0fd4229190f4.jpg, 1
crop_000017_jpg.rf.003c507794c62e13d9c0c3118d72f896.jpg, 1
person_178_jpg.rf.01a9d54369e470cca71f8af8967428de.jpg, 1
person_324_jpg.rf.040151f01caf2221be8d05ce4486f7a3.jpg, 1
person_and_bike_137_jpg.rf.02a687253d2ee1e17592f3a6b8a96d3e.jpg, 1
crop001505_jpg.rf.029c5b40ba09aa67f9cc2cf52d9d7364.jpg, 1
crop001514_jpg.rf.051558cac12ec7536f45c28ab33f288f.jpg, 1
crop001507_jpg.rf.05cd43a85ea29e18db9effcd34a80c8d.jpg, 1
person_and_bike_114_jpg.rf.04960fb3e83c5de444128849eb13a582.jpg, 1
crop001824_jpg.rf.05d719234f04a6e308ec34683beda338.jpg, 1
crop001550_jpg.rf.05d9804f6623c8e0b18bd28b1aa87d84.jpg, 1
person_335_jpg.rf.06516fe6e4bce825360e347b87a6200b.jpg, 1
crop001697_jpg.rf.06e71f9637f172b9439f187c557e2496.jpg, 1
crop001054_jpg.rf.083f6df665349ae3f661433626175ea3.jpg, 1
crop001543_jpg.rf.0801d1eba592797254058ce88d9fa33d.jpg, 1
crop001219_jpg.rf.072089f0ba681a708824d5591a673de5.jpg, 1
crop001651_jpg.rf.09894f464e928f8f8b1a38c88a6a7cc9.jpg, 1
person_241_jpg.rf.0b56dc45457ccab7fa152eff2b67f5e8.jpg, 1
person_258_jpg.rf.09a577dc61240cc60f4cb09aa20b27a1.jpg, 1
crop001002_jpg.rf.09cc11bbb0a05d78c621637fe9b88fae.jpg, 1
crop001274_jpg.rf.0b7a907d141407fb44e67255928fba6c.jpg, 1
crop001682_jpg.rf.059713a53dfb608b937f5c894ab3d2d2.jpg, 1
person_009_jpg.rf.0ba8363f1a217d0bbfba253cf796e8fb.jpg, 1
crop001087_jpg.rf.0c5d37ae3702487e7649e6ab03466514.jpg, 1
person_and_bike_084_jpg.rf.0c117235812504332380c979b18f3b0c.jpg, 1
person_and_bike_020_jpg.rf.0edd77d87324c826f6574c89a3d764b9.jpg, 1
crop001097_jpg.rf.0f4054f78e2a0ad7a8c8b638cf69abbb.jpg, 1
crop001676_jpg.rf.0ee2949495db8689a8e254718db80a85.jpg, 1
crop001562_jpg.rf.0e19b844dc8d7135cd8805969f21e99d.jpg, 1
person_201_jpg.rf.0f99d0ab234de49067bfa89ee3697633.jpg, 1
person_and_bike_060_jpg.rf.101f3d411c180679e6105fca455856b1.jpg, 1
person_033_jpg.rf.128bcac88eb6721f738f626dca55436d.jpg, 1
crop001659_jpg.rf.102ee8a831150ed03f528793f13d359f.jpg, 1
person_127_jpg.rf.12bc0740e43f531cb726cc122f7dd106.jpg, 1
person_and_bike_135_jpg.rf.129c2de695cfa4ab24b3be32df58bbff.jpg, 1
person_273_jpg.rf.13669c165d3a7432509ea678f795cf6d.jpg, 1
person_101_jpg.rf.13b0136813b758402b37297a64ef33af.jpg, 1
person_356_jpg.rf.13a8a6bf74f94c4e72c2b63a91387a36.jpg, 1
crop_000009_jpg.rf.142665d35662e75c1d0c92626411776f.jpg, 1
person_and_bike_162_jpg.rf.143566abbf9b5055b51b73877f70085a.jpg, 1
crop001654_jpg.rf.14e806ddeb28dce9738516de3cc0feab.jpg, 1
crop001544_jpg.rf.155558e6f3ab6a9b5a4dcde885838752.jpg, 1
person_and_bike_056_jpg.rf.15a2d18fdc18dfe1f31a49f01f3232dc.jpg, 1
crop001148_jpg.rf.1456c3ab6a937d410e2259d2522aba98.jpg, 1
crop001812_jpg.rf.158e0bad7c873ab6a802ccabdcbb45f0.jpg, 1
person_and_bike_096_jpg.rf.156a7b472f0d65545618bc6b868fcef4.jpg, 1
crop001580_jpg.rf.1606aa6083779468251f0b72b15baf3f.jpg, 1
person_224_jpg.rf.15af742d2e346b40202dc7937ac5518c.jpg, 1
crop001674_jpg.rf.15fd0c026d4bd8a8f5f572ecf2522e96.jpg, 1
person_and_bike_069_jpg.rf.15c34d2bf2ec2addd4271888accd78a4.jpg, 1
person_225_jpg.rf.18f32cfdc3571a63a9787344ad2f8f66.jpg, 1
person_292_jpg.rf.18c329cbdb7ada9013e745bb3e5e3673.jpg, 1
person_243_jpg.rf.1793c97c8becb5dcaeee24d599b94660.jpg, 1
crop001127_jpg.rf.16c181e6f38e1c294bac95c2d6d563b5.jpg, 1
crop001509_jpg.rf.19bbdb4b2cb3b1afcde7f8ae3fc76e7e.jpg, 1
person_and_bike_043_jpg.rf.19282e82fba356ab95cc48dda66561d0.jpg, 1
crop001842_jpg.rf.1a3591d0ee2fea5fdcdc1da69911e7a6.jpg, 1
crop001091_jpg.rf.1a5bf29aaf07034aa2ee4f84e87cf957.jpg, 1
person_and_bike_072_jpg.rf.1b4d51f6dbe01929799fbc5d7e532050.jpg, 1
person_015_jpg.rf.1d6c149f7f7d13bfb0ab58b44062f1c2.jpg, 1
crop001522_jpg.rf.1d4e5c6c57db943f98d821287dbd8432.jpg, 1
person_and_bike_002_jpg.rf.1d119a8f8656a5c45fc199bb7bc394f7.jpg, 1
crop001673_jpg.rf.1e2115218df964979f81d6943ef981a9.jpg, 1
crop001057_jpg.rf.1d9e9d1d3fa74cbad2616d5a1c38b2b4.jpg, 1
person_130_jpg.rf.1e79eec433a8d7d1d11bfdf9b8b81aca.jpg, 1
person_and_bike_163_jpg.rf.1de70bd3be50c0cc4493dee40b1cbc37.jpg, 1
crop001536_jpg.rf.20d2fd1470b3df950dabf2ca946c79a3.jpg, 1
person_and_bike_120_jpg.rf.1f2a003eccc6bb87c090612884ce72b8.jpg, 1
crop001154_jpg.rf.204bcdf965746aea471a49fbb5ad3ea9.jpg, 1
crop001125_jpg.rf.21e3ee61fd7ad7318b091d1b88237aec.jpg, 1
crop001511_jpg.rf.232c829abf4fe092b72024fa6b22dbcf.jpg, 1
crop001017_jpg.rf.231089096040ed98bdcf8cbaf496f150.jpg, 1
person_177_jpg.rf.234b5a0a87f37894e83345d279a224b3.jpg, 1
person_and_bike_152_jpg.rf.22c31a7e40b0cf50da3d4720e480b348.jpg, 1
person_and_bike_191_jpg.rf.236deecf5e89f6cd4530677cfba293c8.jpg, 1
crop001664_jpg.rf.24fe770bec51658ec92a1f9c0f84ca28.jpg, 1
crop001031_jpg.rf.26774d8e9dd27714993cff0799bdf440.jpg, 1
crop001140_jpg.rf.26c0f8caa32a1278d3685057bfddc891.jpg, 1
person_and_bike_104_jpg.rf.24c4112fa458dda420e70f325dab88da.jpg, 1
crop001609_jpg.rf.26fed49311745833d30ccb321ae26e80.jpg, 1
person_343_jpg.rf.26fc933b0fa9fb772778ccab4791a87f.jpg, 1
crop001666_jpg.rf.279182296aa101ee3ea0376025cf9b4c.jpg, 1
crop001571_jpg.rf.27281543239bbdeba54b5aed9869b181.jpg, 1
crop001164_jpg.rf.2209e75d7847735d08376808066cbe37.jpg, 1
person_333_jpg.rf.27a2f6821ec7d2932892fb2481e61c9a.jpg, 1
crop001632_jpg.rf.29a922af76fbc87952c53766f5100aa0.jpg, 1
crop001086_jpg.rf.28cb5e02f04272445c843c7796f3aba5.jpg, 1
person_315_jpg.rf.27f783677406a5ec24b4768069d83835.jpg, 1
crop001021_jpg.rf.2733bf3e560c9f9f160fa31d067c2e92.jpg, 1
crop001574_jpg.rf.2a5afa8c50f1d59f08286874d8fc4ae2.jpg, 1
person_and_bike_088_jpg.rf.2aef166777afb6d3baf6122d23e83fea.jpg, 1
person_098_jpg.rf.2b31fd8479b5465ee1110d99794a3ebd.jpg, 1
crop001718_jpg.rf.2ab34db92647aa355d816b187c04a049.jpg, 1
person_203_jpg.rf.2accf5dd531e529804cd186c2102293a.jpg, 1
crop001680_jpg.rf.2cb1836f63f970edbbebf6d09d99ff89.jpg, 1
person_280_jpg.rf.2cb13f68bc85e4c3d40307468988be8c.jpg, 1
person_296_jpg.rf.2c3b9f9f69cc985bb9d9e071165024df.jpg, 1
crop001708_jpg.rf.2d1c8918ee85df52e45ccdff1622620e.jpg, 1
crop001717_jpg.rf.2d844c4935d9ce7c1236eaee797e4266.jpg, 1
person_128_jpg.rf.2c4bdcce1870e62f8eb6f9ac7ebbf048.jpg, 1
crop001008_jpg.rf.2fb33010f85b9273e4c85a1f08749930.jpg, 1
crop001123_jpg.rf.2e40a311083d7c89271439c77ee30ae6.jpg, 1
person_053_jpg.rf.2e49c4842c4f42ab0fbf962a61dd59bd.jpg, 1
person_and_bike_112_jpg.rf.2e5e5c1aece431c227ef26fa6d320df9.jpg, 1
person_011_jpg.rf.2fdd807722d571ba0e35ecb856e5c04f.jpg, 1
person_302_jpg.rf.2f3e6207dac9f6e70e60ea81def44f54.jpg, 1
crop001709_jpg.rf.30414d55d0f25c82e568b4d11f5d98e5.jpg, 1
crop001564_jpg.rf.3003723b076837d15e8228b0f9146812.jpg, 1
crop001819_jpg.rf.3062d1328aea135a1536c4feeb3e196e.jpg, 1
crop001662_jpg.rf.31316ffc294da28b73c48ac0c865aa21.jpg, 1
person_316_jpg.rf.3199ccacc347f39641c358973d12e85c.jpg, 1
person_and_bike_007_jpg.rf.2dadb1757ccddcf7ffec88eaa8545bb7.jpg, 1
crop001816_jpg.rf.323cfe74fe3c6aa66e7c81fad8964bb0.jpg, 1
crop001001_jpg.rf.32740cc67797bb7094916e179a25ae9b.jpg, 1
person_252_jpg.rf.32a5e2390d74537e541b19d0888f23d3.jpg, 1
crop001652_jpg.rf.32c406c786ffb07e8d440a79a033917c.jpg, 1
person_and_bike_009_jpg.rf.35cbbc6c038e84b64772cec48b44f8b2.jpg, 1
person_131_jpg.rf.334ba116853570595cedec020de48386.jpg, 1
person_010_jpg.rf.3522ba493e6e2b26bd11302fec41f218.jpg, 1
person_237_jpg.rf.3400c2ed124101e7e3f75df4c82220d5.jpg, 1
person_425_jpg.rf.33e3c72f28094d645d1aa65c08db724a.jpg, 1
crop001517_jpg.rf.379ce2d7545dc314d50320f2725d3648.jpg, 1
person_and_bike_082_jpg.rf.3454b709effeb3e9b4d09c6304269e3e.jpg, 1
person_320_jpg.rf.3704b1bc0e288bce7fc8fa4a1f3985d6.jpg, 1
person_169_jpg.rf.3800b2096dc71d6ccde88f8897ffb0cf.jpg, 1
crop001230_jpg.rf.375ab34e135298ec02ecca58a614c791.jpg, 1
crop_000005_jpg.rf.39037758b9f708bc29e23a442527342e.jpg, 1
crop001146_jpg.rf.38daf1c69191f719f54410d2c4238648.jpg, 1
person_064_jpg.rf.383f340b9e9c52e6c7d77389b46d820a.jpg, 1
person_196_jpg.rf.393922f598469f5b57478e277fee6acf.jpg, 1
person_and_bike_113_jpg.rf.3921e560bacad814b945de344021e74c.jpg, 1
person_and_bike_160_jpg.rf.3a5771ae8b081c78c98b327fecc9064f.jpg, 1
crop001018_jpg.rf.3a40a0c45f2eed7aca4af691957e6114.jpg, 1
person_and_bike_098_jpg.rf.39d07c38b99174bd7d22a5dfeef0d09d.jpg, 1
crop001030_jpg.rf.3a376e3fdc91dda56f0ed02c9d03d98f.jpg, 1
person_209_jpg.rf.3baae744b4f0ba9414afd542206a5532.jpg, 1
person_186_jpg.rf.3c620f8bc75df0b2c30e5c4fa3136f16.jpg, 1
crop001561_jpg.rf.3ac7e02cd5b2f94ac5aa1b738b07f40b.jpg, 1
person_349_jpg.rf.3bc9f2094e4e018b1b8e5c8b9790dff7.jpg, 1
crop001539_jpg.rf.3d94e637cc978bc0f722f9567aa62cd8.jpg, 1
person_336_jpg.rf.3d08736dc64370c6bc72ed23a1fe240e.jpg, 1
crop001520_jpg.rf.3e08c32701a1230c8421ddd07eb8c746.jpg, 1
crop001642_jpg.rf.3e9c997cc4d958c93aefcccafe3bd2bf.jpg, 1
crop001071_jpg.rf.3ebbaf3eaa848698376c0c5d84c990c7.jpg, 1
crop001524_jpg.rf.3dbdceefd878d8fd366171ee81c3fb1d.jpg, 1
crop001836_jpg.rf.3ee066d43f95aa02016291184e2eac18.jpg, 1
crop001716_jpg.rf.3f45e537238992d2bdf91b3d190eeafc.jpg, 1
crop001053_jpg.rf.3c68f2f18f829753375770df997b44af.jpg, 1
person_and_bike_076_jpg.rf.3fcff7a646f1045fb12bd6cb6092fff1.jpg, 1
crop001016_jpg.rf.3f86296f1220ed8b0823378c277399d2.jpg, 1
person_and_bike_097_jpg.rf.3ff8db38ee9f758891a19c3be5a54d76.jpg, 1
person_and_bike_190_jpg.rf.40644dde5456e137ca91c38514d8d131.jpg, 1
crop001501_jpg.rf.4002d670bd721da0d6f1fdc87fa5d844.jpg, 1
crop001278_jpg.rf.42bd822a798df6a9ba85eaa55b3fc429.jpg, 1
person_and_bike_022_jpg.rf.4336fbe52bd7342f5e6514938203a8d8.jpg, 1
crop001051_jpg.rf.42ec4e2e8f0d36d9b6ad304a51fed517.jpg, 1
person_and_bike_129_jpg.rf.4000304b7a999b14fb13273c7838f6b1.jpg, 1
crop001029_jpg.rf.4388ab45ace90b20e82ddf33573a9674.jpg, 1
crop001130_jpg.rf.40f9c95c6b10867e7de75c7933681134.jpg, 1
person_and_bike_067_jpg.rf.b1b245a98776fdd78f4db58118d14d22.jpg, 1
person_and_bike_031_jpg.rf.b34cf03c68aa086d0fef51c4a460b744.jpg, 1
person_298_jpg.rf.ae7059f597f12ba93f6e622142b69187.jpg, 1
person_245_jpg.rf.ab176f0796ac73b410c1643e1f05eefc.jpg, 1
person_and_bike_035_jpg.rf.abc782b9d726b376f8109d64f75eee4f.jpg, 1
crop001687_jpg.rf.b173c92913d5d4c511859c5da1a7e153.jpg, 1
person_114_jpg.rf.b19d1b8d3806eaf546b22d96daa49bb5.jpg, 1
crop001690_jpg.rf.ad5838065a427ee1a4e0168efae07358.jpg, 1
crop001141_jpg.rf.a92fa435117b800d4da76f129e887ee7.jpg, 1
crop001150_jpg.rf.a945789ad6fc276dba0261393261c9ad.jpg, 1
crop_000015_jpg.rf.ab732909dfb73e8e9457c966c4030e1c.jpg, 1
crop001276_jpg.rf.a8d8e11a01f337da7d1e2762b77c8a9c.jpg, 1
crop001633_jpg.rf.ad6ae851ee0030ef025812b22cddba03.jpg, 1
person_and_bike_209_jpg.rf.b3df72f150379d219ff82b6b5599ad29.jpg, 1
crop001723_jpg.rf.ab3573d4e2d227f755500e13700761eb.jpg, 1
crop001232_jpg.rf.af979dc465e0922167958f9f7ebd1165.jpg, 1
crop001843_jpg.rf.adbedf899a326cde78221231ccd5a1cc.jpg, 1
crop001523_jpg.rf.acff5650510449b45163c983597cf16e.jpg, 1
crop001066_jpg.rf.ad95c60a1921f580396f32ba31cc3337.jpg, 1
person_and_bike_188_jpg.rf.b36a2433b47f8cd87e0f9f4a7585cfbb.jpg, 1
person_340_jpg.rf.b41f66676a11ad84507d9aad36e86196.jpg, 1
person_284_jpg.rf.ae0fbd0a57b58bba8fc20a319225a75b.jpg, 1
crop001583_jpg.rf.b41fed22f29ce358d6b457eb02b0da85.jpg, 1
person_246_jpg.rf.ad0121e60bae8a6a665c9bbf22883807.jpg, 1
crop001614_jpg.rf.b51450cf8166af99fc05128638bcf55e.jpg, 1
person_135_jpg.rf.b51ff05687554fc8795111328b614344.jpg, 1
crop_000606_jpg.rf.b6a105c03bc3249ec79f33de2aa6c1ae.jpg, 1
person_167_jpg.rf.b3e1db92d2b569170a9b2943ac5bd769.jpg, 1
crop001513_jpg.rf.b6fae1b8a0778ed8570cdea76b997526.jpg, 1
person_and_bike_133_jpg.rf.b702f6318f38baa8bd9a13bb739df03e.jpg, 1
person_323_jpg.rf.b706b17460f0e6ae36926048393615ed.jpg, 1
person_275_jpg.rf.b7325ab8101613315ce3001576beeae0.jpg, 1
crop001622_jpg.rf.b74bfed7fdbbaa8b533f565040b11a14.jpg, 1
person_and_bike_036_jpg.rf.b77ce9808b1526b49cc476f5310e10c8.jpg, 1
person_214_jpg.rf.b7ef90fe39434ebfc276a724ad1b6978.jpg, 1
person_208_jpg.rf.b57cb0eef574778d2daa6e21fbf93079.jpg, 1
person_and_bike_029_jpg.rf.b770e33068ee512426bb7a0edc99fbfc.jpg, 1
crop_000024_jpg.rf.b85c7d6716595a51357a448e8f555b70.jpg, 1
crop001012_jpg.rf.b7f97ea080ee1c0ec44e358e9baec8f9.jpg, 1
person_231_jpg.rf.b8c133db4a0399594615fc7d46d357bf.jpg, 1
crop001667_jpg.rf.ba02c6ad324a4a68172adecc09bb41bf.jpg, 1
crop001665_jpg.rf.b967846821b759216820618e64055914.jpg, 1
crop001038_jpg.rf.b84efcec952fa1d08480b1dec48027cc.jpg, 1
crop001569_jpg.rf.ba6186cf88893011dec90c2de73827a3.jpg, 1
crop001533_jpg.rf.ba6f52efb555254f7cebde8b3b5114d7.jpg, 1
crop001073_jpg.rf.ba74acba6016de30670e18eded46105b.jpg, 1
crop001557_jpg.rf.b8a14c4988b45f1e2b73ba5521356c23.jpg, 1
crop001096_jpg.rf.bb43efbe3d9567f7c48d7629e945843b.jpg, 1
crop001131_jpg.rf.bad3a1b56b83323377c0f7e13f3c4758.jpg, 1
crop001656_jpg.rf.bb7d0ddb7293ba6c1ad1da11cbb432de.jpg, 1
person_and_bike_013_jpg.rf.bb6b0dbaba22f107eafae8dbc318e376.jpg, 1
person_044_jpg.rf.bc25c07abbd8046256f1e29e94580349.jpg, 1
crop001058_jpg.rf.bc3ff1a43e61b1bdc5e692a9a80056ff.jpg, 1
person_378_jpg.rf.bca31f14ff0ec323d023d4c43ac33ab0.jpg, 1
crop001541_jpg.rf.bda3e61aaf2bf37a48a81373ecb16bbc.jpg, 1
person_136_jpg.rf.bcbd491010eece51b6814da11f30fa26.jpg, 1
crop001003_jpg.rf.bd5a5c06d71c259652157b1c00689c13.jpg, 1
crop001581_jpg.rf.bded7a8ed2f055b6b8132758cbcb6e39.jpg, 1
crop001528_jpg.rf.bebd72941478a92607c869ebee41e725.jpg, 1
crop001558_jpg.rf.bdbe23fc5338e43eb28d339c3eaaa493.jpg, 1
person_235_jpg.rf.bf62afabf8f2b73e47fb9854da6c380a.jpg, 1
person_187_jpg.rf.bf8641f9cb5bac6aa086cca4387bc441.jpg, 1
crop001112_jpg.rf.c0ca176352a85a00fce9908aad2820fd.jpg, 1
crop001605_jpg.rf.c08ad5ef8915bbdfad4b91bb40527b5a.jpg, 1
crop001234_jpg.rf.c04d97340b71cb0a0874d5a66a78e7e8.jpg, 1
person_and_bike_124_jpg.rf.bfd2e10f8a66b032bdb75dc2fd3c3bd6.jpg, 1
crop001129_jpg.rf.c177ac2ee01657e1edecdda3cd4fb398.jpg, 1
person_286_jpg.rf.c1ed03c8fb3deaffaa57f444a158bf00.jpg, 1
crop001046_jpg.rf.c149ef4c1aa04231dd16e46b67cb203b.jpg, 1
crop001126_jpg.rf.c1c9dc3b17a6103f355e0105cabc5908.jpg, 1
crop001707_jpg.rf.c387cacfb6666b642fa72f3bc6bb8f1b.jpg, 1
crop001275_jpg.rf.c2d16081fe6d7547a9595cea2bef2f71.jpg, 1
crop001045_jpg.rf.c3dbb3c936c51024853a3a415e60f1e6.jpg, 1
crop001668_jpg.rf.c47a220b1f69079136695ca564546e7a.jpg, 1
crop001108_jpg.rf.c4b97bff38f02c80aa966a389a044aaf.jpg, 1
person_and_bike_059_jpg.rf.c663c046d71e0d8eacea05deb4905754.jpg, 1
person_071_jpg.rf.c50792e99542cc589fca01df97d0320b.jpg, 1
person_120_jpg.rf.c50531cfcb04fa0d4eb01f9fa6fbb95e.jpg, 1
person_and_bike_050_jpg.rf.c7370d44d9006ee3d968199bdcb4522b.jpg, 1
crop001639_jpg.rf.c5c59fd8edc8c0fdde8aa30f2eba30c8.jpg, 1
person_294_jpg.rf.c490dd875469d6056bd0bc9c607e523b.jpg, 1
person_and_bike_026_jpg.rf.c775028eb3e5e6f87dc08b8d43c2ee11.jpg, 1
person_256_jpg.rf.c80a47eb4072272d565df1a860f2facb.jpg, 1
crop001050_jpg.rf.c7b95ca8bc87c31b9692b083112ce890.jpg, 1
person_and_bike_090_jpg.rf.c8d4a5c5e73aba61b5ce216f63241d8e.jpg, 1
person_and_bike_143_jpg.rf.c77cb6f656ab5fccb868496385714f14.jpg, 1
crop001619_jpg.rf.ca95f357429030e07a4933f2987a1862.jpg, 1
crop001135_jpg.rf.cbbdf3096be4075891fefc58e84cc176.jpg, 1
crop001643_jpg.rf.cb0abd15c64f0ef17d16232fcdd2841d.jpg, 1
crop_000004_jpg.rf.ca1faa11851e138a444a8eecf9a86d33.jpg, 1
crop001500_jpg.rf.cc10a8d794f568d906253f9472292c20.jpg, 1
person_304_jpg.rf.cd42d02b0b9d0afe6f7fb4dcb904d0ae.jpg, 1
crop001138_jpg.rf.ce194675ba91c5f3a6b3eb5f2a3310fe.jpg, 1
crop001554_jpg.rf.cea26d9231019e8fb0e8a3ffd6f34c0e.jpg, 1
person_176_jpg.rf.ce04f3a8b772734e6a44685866d4c84a.jpg, 1
crop001693_jpg.rf.cbd8ef28ed65f71223f6237e9b4f2aea.jpg, 1
crop001660_jpg.rf.cf11124fdbe636c4fc6a1bfeed119b9e.jpg, 1
crop001579_jpg.rf.ceda55632acdb2ad92a2e3b1ed45530b.jpg, 1
person_094_jpg.rf.cf476f75b9ddf0d9eddd9677e1306797.jpg, 1
crop001260_jpg.rf.cf43f4f8f721d666bc2b4b0f7b2d11b9.jpg, 1
person_and_bike_089_jpg.rf.cf818b74ed1908e6e63ad1ac3cbef961.jpg, 1
crop001099_jpg.rf.d03d2cd1afcc552ebe6a216fb92396fd.jpg, 1
crop001085_jpg.rf.d057484d1311ccede5e9621347589bd8.jpg, 1
crop001519_jpg.rf.cfeb3004f1b9b0df39223b79223d587e.jpg, 1
person_and_bike_058_jpg.rf.d32e78bff51adceef3e2dca2fc608482.jpg, 1
person_347_jpg.rf.d2e45679df7be701fbb4ef24d4289af8.jpg, 1
crop001832_jpg.rf.d13f547029b5acc07feae073503cead0.jpg, 1
crop001042_jpg.rf.d3bc06ee180012f1ddead9d8e18e9c00.jpg, 1
crop001035_jpg.rf.d43cc0f6e65fc924fb8574acd86a6b9a.jpg, 1
person_132_jpg.rf.d459514ddebaabd82d15e0fd5b4926ae.jpg, 1
crop001650_jpg.rf.d39589aff567e21f16ac2c578fb2eb38.jpg, 1
crop001806_jpg.rf.d60179cca8152ef7db78dfcdce659295.jpg, 1
crop001835_jpg.rf.d60d46b38eb2fe7a43cd3af06102373a.jpg, 1
person_and_bike_150_jpg.rf.d63dc8b23b204ed0534ae386749e8383.jpg, 1
person_and_bike_138_jpg.rf.d745c0c193c691d6f4fc11f33ebc1aa2.jpg, 1
person_and_bike_040_jpg.rf.d820064397422afb45e6ff51a9bd475a.jpg, 1
person_259_jpg.rf.d8870d14fab999ad5d36d9de575b7f99.jpg, 1
person_and_bike_091_jpg.rf.d803315b146b3894bfaeac8c7bb23801.jpg, 1
crop001655_jpg.rf.d88e4a997e9f1467f3d14c7d24338eff.jpg, 1
person_and_bike_081_jpg.rf.d86b69020413bf307843aca3b63868a9.jpg, 1
crop001049_jpg.rf.d92415ab5850fb7e3134770bb472e2df.jpg, 1
person_164_jpg.rf.d915068bd19606f7a24525277c2f5fba.jpg, 1
person_058_jpg.rf.d99145af02e7c7acb4564866901541fd.jpg, 1
crop001072_jpg.rf.d9f73b99e2f26b1a5000cf35a8cc7325.jpg, 1
crop001618_jpg.rf.dab170cc25e6981d05e4ebafa0a7a2de.jpg, 1
crop_000010_jpg.rf.d9cc8e304c8498c318def047522ee52f.jpg, 1
crop001019_jpg.rf.dbec275cd02f6082752ffeda2a17ee42.jpg, 1
person_414_jpg.rf.dc677c29184444fe3657869dcdfa4445.jpg, 1
person_and_bike_012_jpg.rf.db5ac968241bde3aaa7dfd824dad9685.jpg, 1
crop001595_jpg.rf.dc79696a7d12fffdf428152868ca8c90.jpg, 1
crop001037_jpg.rf.ddd15426ee1cb354f749add60b1c88d4.jpg, 1
crop001705_jpg.rf.dd5b3bea2b792c09bc94cea6d4e146d0.jpg, 1
crop001700_jpg.rf.de18d237c5c2e10dbee71989c25424a7.jpg, 1
person_085_jpg.rf.df44aa8d3865482f20bb80a10ff85895.jpg, 1
crop001061_jpg.rf.ded874741a3603988b852eada97188f7.jpg, 1
person_111_jpg.rf.dfe9615f77940a0e3e695998e8d9b2f8.jpg, 1
crop001064_jpg.rf.de194dd35552e610975198f7b28d746d.jpg, 1
crop001638_jpg.rf.e212915359ae7ac01856d6610b9f5a03.jpg, 1
crop001829_jpg.rf.e0461ab9679063cb6f4166074dbca819.jpg, 1
crop001521_jpg.rf.dfcdd4832e22f11c2ab7eaee8766454e.jpg, 1
person_and_bike_177_jpg.rf.e106490049dca3054a3b47985b6210c0.jpg, 1
person_300_jpg.rf.e3c634ab3f4f1737e9e8d7f3cfbacb94.jpg, 1
crop001620_jpg.rf.de3eae3a5eb087b07b11cb3ae232f032.jpg, 1
person_028_jpg.rf.e4a1315552365e02c572544678249066.jpg, 1
person_and_bike_047_jpg.rf.e00dd20829aca9714a80e707a00a7784.jpg, 1
person_117_jpg.rf.e4a6e0dc42bbad06d67bbf824505b08e.jpg, 1
crop_000003_jpg.rf.df647b1de3032ae2eff2f38159b2be1c.jpg, 1
person_065_jpg.rf.e4ed67c9d48e9041d086cc34c11371e7.jpg, 1
person_and_bike_027_jpg.rf.e55b1bbfbedf21aec9d5f4fc894c3a67.jpg, 1
person_318_jpg.rf.e68c3af6621aced08b82b3d379ebe28e.jpg, 1
crop_000012_jpg.rf.e767db223b9c9f6d967d54ca245d43a1.jpg, 1
person_087_jpg.rf.e78a36f8f25b6ae9abca054bee484bcf.jpg, 1
crop_000013_jpg.rf.e76eb1e10ad8696219072d35a0b74b89.jpg, 1
person_051_jpg.rf.e84b35a14ca32f8abf076ae103cd91af.jpg, 1
person_and_bike_014_jpg.rf.e90bc67ee63b3699903881fcc648e5e6.jpg, 1
person_and_bike_038_jpg.rf.e7cf02ef1ba846153e398892949fbbbe.jpg, 1
person_173_jpg.rf.e4e6f301f0163aa3f206f2c41d30351a.jpg, 1
person_260_jpg.rf.e9be633f00d5239e7cc7f841dd26747a.jpg, 1
person_and_bike_140_jpg.rf.e6561a92a00d25dce82446e123d17f0e.jpg, 1
crop001646_jpg.rf.e9b5fe2c4e93252c04b19fea6abcad07.jpg, 1
person_and_bike_181_jpg.rf.e8708e411e6dcb49f3533e3c41841c04.jpg, 1
crop001055_jpg.rf.e9a95cf9064139e94da47a85be456075.jpg, 1
person_254_jpg.rf.eaf67ed6d2bdf5f21ddca401d9ddf626.jpg, 1
crop001015_jpg.rf.ea3dce04d9ca1aef7e5d86c8a6436777.jpg, 1
person_and_bike_161_jpg.rf.ea347ddccd76ed27d352a2dc427e58aa.jpg, 1
person_and_bike_052_jpg.rf.ec31ab5d13c614f5b8f749d8afc206fa.jpg, 1
crop001840_jpg.rf.ebab007bd8f828c5717cc286ee8e79e3.jpg, 1
person_282_jpg.rf.ecdcdd276d4f17663febd6d0e35c6988.jpg, 1
person_and_bike_045_jpg.rf.ed945c50804344766339725ba383919f.jpg, 1
crop001653_jpg.rf.eedd196668d04c5d24f716837ec3840f.jpg, 1
crop001681_jpg.rf.eed4cbb4aa57c442aa4f01f7aad2f828.jpg, 1
person_and_bike_119_jpg.rf.ef82ef973b2271d52563a2b241b0c3cb.jpg, 1
crop001255_jpg.rf.eee921a0bc5629b9cb795d58b98bd791.jpg, 1
crop001137_jpg.rf.efa2d22df95c9b79cd6d5bf97c9f7bdd.jpg, 1
person_283_jpg.rf.f296d2212d548d86619f3c33dfc838ec.jpg, 1
crop001623_jpg.rf.f16943be3084ee882b47dbe2c78d24f8.jpg, 1
crop001631_jpg.rf.f25a79a533557e04fe514591434ff5e1.jpg, 1
crop001612_jpg.rf.f1e78f2bba2288a895d4b012ec79cbbe.jpg, 1
crop001568_jpg.rf.f2c9c5cb449fc9c7f45663890cc7ae55.jpg, 1
person_285_jpg.rf.f3fb47c45a9befc43fc84c4c9866813b.jpg, 1
person_317_jpg.rf.f2279bcecbfd93bb93bc984218add57b.jpg, 1
person_217_jpg.rf.ef541de874d67b1c864faa511d2a337e.jpg, 1
crop001570_jpg.rf.f316f2177f837c4f5210b9820ae2ea43.jpg, 1
crop_000011_jpg.rf.f53b7a45fddc0ca7859e9969556e4113.jpg, 1
crop001531_jpg.rf.f4ea5af9cda4f387557a075abe6e6c6b.jpg, 1
person_014_jpg.rf.f4b7c212b4316fb8d2d0346f8bee2163.jpg, 1
crop001044_jpg.rf.f59d1a323d18ef628e98b408d65e3b32.jpg, 1
crop001208_jpg.rf.f6e7eb82bd7d5fc1d7f57d3ff92727c3.jpg, 1
person_and_bike_008_jpg.rf.f6adf6a5358652e5b084d498376a1a30.jpg, 1
crop_000608_jpg.rf.f71bb406739266ac2cb8811be7c1de3f.jpg, 1
crop001823_jpg.rf.f7f5628166ee401ff399a2d61705e726.jpg, 1
crop001606_jpg.rf.f7fadcd0679934545b4389816df8fdf9.jpg, 1
person_and_bike_128_jpg.rf.f81bc7f763d20a441b8b8457d411bc9c.jpg, 1
crop001110_jpg.rf.f89ac62f849c821df367600ea30bb627.jpg, 1
crop001033_jpg.rf.f84e7a8835531c8477571076dacda5d5.jpg, 1
crop001515_jpg.rf.f91726f24d3de9883dfb2398a9d6c5d2.jpg, 1
crop001661_jpg.rf.f958846c05fa860ed5381b1b27ee23a1.jpg, 1
person_056_jpg.rf.f941d40b7e7ce5e23dd2e7e2b79fe731.jpg, 1
person_and_bike_064_jpg.rf.f989908dbf45dc404241a05a65556386.jpg, 1
crop001056_jpg.rf.fa41ae983b8340aa92691d2d10f64b36.jpg, 1
crop001694_jpg.rf.fa5bce09c717a1bbb4916300c3610526.jpg, 1
crop001679_jpg.rf.f8b0481eef64c6813286e496fff593a2.jpg, 1
person_193_jpg.rf.f9e28334963d3d2e12f90646e3bc6062.jpg, 1
crop001677_jpg.rf.fc28dedef80fabb915d7418b4872d879.jpg, 1
crop001598_jpg.rf.fa9c2844493849c41389add4357d4dca.jpg, 1
person_032_jpg.rf.fa7104373a3749d42d97ac914396b67e.jpg, 1
crop001607_jpg.rf.fb511da8e83081087bc54600924edc2f.jpg, 1
person_and_bike_123_jpg.rf.fa63b22ec5d3093321ad2bb583b4e690.jpg, 1
person_096_jpg.rf.fafa48f766c253fedbd09b83f4c18045.jpg, 1
person_207_jpg.rf.fc504f5f1f7e4817735047b07f866185.jpg, 1
person_228_jpg.rf.fcea6296b31871550f13a19fd6736efe.jpg, 1
crop001068_jpg.rf.fc5c6b4168d66955c650d7d84eb3c18f.jpg, 1
crop001098_jpg.rf.fceff7e19a4365a2323695c3d616326a.jpg, 1
person_212_jpg.rf.fd25f57aaf2ecc6114b9233b4ca05acf.jpg, 1
crop001685_jpg.rf.fd06998df262de28273029cb5b47b196.jpg, 1
crop_000016_jpg.rf.fe0cc2347fdab57045f2e904932690aa.jpg, 1
crop001534_jpg.rf.fd6a14e329e41500047bde0d181c670f.jpg, 1
person_and_bike_075_jpg.rf.ffaa88c39b5d21441447e7a25f24a89e.jpg, 1
person_and_bike_151_jpg.rf.ffb77e5c3255d5e3909c01360a5e4604.jpg, 1
person_and_bike_157_jpg.rf.ffb270b22dcaecd928e822f48c47d49d.jpg, 1
person_133_jpg.rf.fe5e4af35d5640f05987f746bb3bd94d.jpg, 1
crop001083_jpg.rf.fffaa75a0045082fe5a22d0e6f2ded16.jpg, 1